#TYPE System.Management.ManagementObject#root\cimv2\Win32_NetworkAdapterConfiguration
"PSComputerName","__GENUS","__CLASS","__SUPERCLASS","__DYNASTY","__RELPATH","__PROPERTY_COUNT","__DERIVATION","__SERVER","__NAMESPACE","__PATH","ArpAlwaysSourceRoute","ArpUseEtherSNAP","Caption","DatabasePath","DeadGWDetectEnabled","DefaultIPGateway","DefaultTOS","DefaultTTL","Description","DHCPEnabled","DHCPLeaseExpires","DHCPLeaseObtained","DHCPServer","DNSDomain","DNSDomainSuffixSearchOrder","DNSEnabledForWINSResolution","DNSHostName","DNSServerSearchOrder","DomainDNSRegistrationEnabled","ForwardBufferMemory","FullDNSRegistrationEnabled","GatewayCostMetric","IGMPLevel","Index","InterfaceIndex","IPAddress","IPConnectionMetric","IPEnabled","IPFilterSecurityEnabled","IPPortSecurityEnabled","IPSecPermitIPProtocols","IPSecPermitTCPPorts","IPSecPermitUDPPorts","IPSubnet","IPUseZeroBroadcast","IPXAddress","IPXEnabled","IPXFrameType","IPXMediaType","IPXNetworkNumber","IPXVirtualNetNumber","KeepAliveInterval","KeepAliveTime","MACAddress","MTU","NumForwardPackets","PMTUBHDetectEnabled","PMTUDiscoveryEnabled","ServiceName","SettingID","TcpipNetbiosOptions","TcpMaxConnectRetransmissions","TcpMaxDataRetransmissions","TcpNumConnections","TcpUseRFC1122UrgentPointer","TcpWindowSize","WINSEnableLMHostsLookup","WINSHostLookupFile","WINSPrimaryServer","WINSScopeID","WINSSecondaryServer"
"DESKTOP-001","2","Win32_NetworkAdapterConfiguration","CIM_Setting","CIM_Setting","Win32_NetworkAdapterConfiguration.Index=0","61","System.String[]","DESKTOP-001","root\cimv2","\\DESKTOP-001\root\cimv2:Win32_NetworkAdapterConfiguration.Index=0",,,"[00000000] Microsoft Kernel Debug Network Adapter",,,,,,"Microsoft Kernel Debug Network Adapter","True",,,,,,,,,,,,,,"0","5",,,"False",,,,,,,,,,,,,,,,,,,,,"kdnic","{1C8532AA-9599-4E92-8BC5-E5ABBDA21845}",,,,,,,,,,,
"DESKTOP-001","2","Win32_NetworkAdapterConfiguration","CIM_Setting","CIM_Setting","Win32_NetworkAdapterConfiguration.Index=1","61","System.String[]","DESKTOP-001","root\cimv2","\\DESKTOP-001\root\cimv2:Win32_NetworkAdapterConfiguration.Index=1",,,"[00000001] Intel(R) 82574L Gigabit Network Connection","%SystemRoot%\System32\drivers\etc",,"System.String[]",,,"Intel(R) 82574L Gigabit Network Connection","True","20231113170657.000000-480","20231113150657.000000-480","192.168.8.1","FOR440.LAN","System.String[]","False","DESKTOP-001","System.String[]","False",,"True","System.UInt16[]",,"1","9","System.String[]","25","True","False",,"System.String[]","System.String[]","System.String[]","System.String[]",,,,,,,,,,"00:50:56:AD:44:EA",,,,,"e1i65x64","{5066066B-DAAA-45B8-9214-59CBC501A4AB}","0",,,,,,"True",,"192.168.8.2","",
"DESKTOP-001","2","Win32_NetworkAdapterConfiguration","CIM_Setting","CIM_Setting","Win32_NetworkAdapterConfiguration.Index=2","61","System.String[]","DESKTOP-001","root\cimv2","\\DESKTOP-001\root\cimv2:Win32_NetworkAdapterConfiguration.Index=2",,,"[00000002] WAN Miniport (SSTP)",,,,,,"WAN Miniport (SSTP)","False",,,,,,,,,,,,,,"2","6",,,"False",,,,,,,,,,,,,,,,,,,,,"RasSstp","{2A1329FE-FB8E-4AEB-87C7-D2E375776DD4}",,,,,,,,,,,
"DESKTOP-001","2","Win32_NetworkAdapterConfiguration","CIM_Setting","CIM_Setting","Win32_NetworkAdapterConfiguration.Index=3","61","System.String[]","DESKTOP-001","root\cimv2","\\DESKTOP-001\root\cimv2:Win32_NetworkAdapterConfiguration.Index=3",,,"[00000003] WAN Miniport (IKEv2)",,,,,,"WAN Miniport (IKEv2)","False",,,,,,,,,,,,,,"3","4",,,"False",,,,,,,,,,,,,,,,,,,,,"RasAgileVpn","{0B2C17B3-A7E5-4A87-987D-2DCD74A620B6}",,,,,,,,,,,
"DESKTOP-001","2","Win32_NetworkAdapterConfiguration","CIM_Setting","CIM_Setting","Win32_NetworkAdapterConfiguration.Index=4","61","System.String[]","DESKTOP-001","root\cimv2","\\DESKTOP-001\root\cimv2:Win32_NetworkAdapterConfiguration.Index=4",,,"[00000004] WAN Miniport (L2TP)",,,,,,"WAN Miniport (L2TP)","False",,,,,,,,,,,,,,"4","11",,,"False",,,,,,,,,,,,,,,,,,,,,"Rasl2tp","{6D8BB74A-B810-4E8D-AD78-E76ABDA4014C}",,,,,,,,,,,
"DESKTOP-001","2","Win32_NetworkAdapterConfiguration","CIM_Setting","CIM_Setting","Win32_NetworkAdapterConfiguration.Index=5","61","System.String[]","DESKTOP-001","root\cimv2","\\DESKTOP-001\root\cimv2:Win32_NetworkAdapterConfiguration.Index=5",,,"[00000005] WAN Miniport (PPTP)",,,,,,"WAN Miniport (PPTP)","False",,,,,,,,,,,,,,"5","14",,,"False",,,,,,,,,,,,,,,,,,,,,"PptpMiniport","{F00166D5-D327-4157-89CA-7BD0BEAC5355}",,,,,,,,,,,
"DESKTOP-001","2","Win32_NetworkAdapterConfiguration","CIM_Setting","CIM_Setting","Win32_NetworkAdapterConfiguration.Index=6","61","System.String[]","DESKTOP-001","root\cimv2","\\DESKTOP-001\root\cimv2:Win32_NetworkAdapterConfiguration.Index=6",,,"[00000006] WAN Miniport (PPPOE)",,,,,,"WAN Miniport (PPPOE)","False",,,,,,,,,,,,,,"6","8",,,"False",,,,,,,,,,,,,,,,,,,,,"RasPppoe","{4956F450-4B23-402B-B908-610C0AC17C5F}",,,,,,,,,,,
"DESKTOP-001","2","Win32_NetworkAdapterConfiguration","CIM_Setting","CIM_Setting","Win32_NetworkAdapterConfiguration.Index=7","61","System.String[]","DESKTOP-001","root\cimv2","\\DESKTOP-001\root\cimv2:Win32_NetworkAdapterConfiguration.Index=7",,,"[00000007] WAN Miniport (IP)",,,,,,"WAN Miniport (IP)","False",,,,,,,,,,,,,,"7","2",,,"False",,,,,,,,,,,,,,,,"9C:52:20:52:41:53",,,,,"NdisWan","{00C997FF-130F-44FD-81BC-B777AF028D98}",,,,,,,,,,,
"DESKTOP-001","2","Win32_NetworkAdapterConfiguration","CIM_Setting","CIM_Setting","Win32_NetworkAdapterConfiguration.Index=8","61","System.String[]","DESKTOP-001","root\cimv2","\\DESKTOP-001\root\cimv2:Win32_NetworkAdapterConfiguration.Index=8",,,"[00000008] WAN Miniport (IPv6)",,,,,,"WAN Miniport (IPv6)","False",,,,,,,,,,,,,,"8","12",,,"False",,,,,,,,,,,,,,,,"B6:94:20:52:41:53",,,,,"NdisWan","{8EA7A94B-8626-4172-80E3-91817A6A157D}",,,,,,,,,,,
"DESKTOP-001","2","Win32_NetworkAdapterConfiguration","CIM_Setting","CIM_Setting","Win32_NetworkAdapterConfiguration.Index=9","61","System.String[]","DESKTOP-001","root\cimv2","\\DESKTOP-001\root\cimv2:Win32_NetworkAdapterConfiguration.Index=9",,,"[00000009] WAN Miniport (Network Monitor)",,,,,,"WAN Miniport (Network Monitor)","False",,,,,,,,,,,,,,"9","10",,,"False",,,,,,,,,,,,,,,,"D0:CE:20:52:41:53",,,,,"NdisWan","{61ADCC3D-D20F-44A0-A100-6CD1B97FF78D}",,,,,,,,,,,
