#TYPE System.Management.Automation.PSDriveInfo
"Used","Free","CurrentLocation","Name","Provider","Root","Description","MaximumSize","Credential","DisplayRoot"
"","","","Alias","Microsoft.PowerShell.Core\Alias","","Drive that contains a view of the aliases stored in a session state",,"System.Management.Automation.PSCredential",
"30499983360","3213828096","WINDOWS\system32","C","Microsoft.PowerShell.Core\FileSystem","C:\","",,"System.Management.Automation.PSCredential",
"","","","Cert","Microsoft.PowerShell.Security\Certificate","\","X509 Certificate Provider",,"System.Management.Automation.PSCredential",
"0",,"","D","Microsoft.PowerShell.Core\FileSystem","D:\","",,"System.Management.Automation.PSCredential",
"","","","Env","Microsoft.PowerShell.Core\Environment","","Drive that contains a view of the environment variables for the process",,"System.Management.Automation.PSCredential",
"","","","Function","Microsoft.PowerShell.Core\Function","","Drive that contains a view of the functions stored in a session state",,"System.Management.Automation.PSCredential",
"","","","HKCU","Microsoft.PowerShell.Core\Registry","HKEY_CURRENT_USER","The software settings for the current user",,"System.Management.Automation.PSCredential",
"","","","HKLM","Microsoft.PowerShell.Core\Registry","HKEY_LOCAL_MACHINE","The configuration settings for the local computer",,"System.Management.Automation.PSCredential",
"","","","Variable","Microsoft.PowerShell.Core\Variable","","Drive that contains a view of those variables stored in a session state",,"System.Management.Automation.PSCredential",
"","","","WSMan","Microsoft.WSMan.Management\WSMan","","Root of WsMan Config Storage.",,"System.Management.Automation.PSCredential",
