#TYPE Selected.System.Management.ManagementObject
"Name","PathName"
"AJRouter","C:\WINDOWS\system32\svchost.exe -k LocalServiceNetworkRestricted -p"
"ALG","C:\WINDOWS\System32\alg.exe"
"AppIDSvc","C:\WINDOWS\system32\svchost.exe -k LocalServiceNetworkRestricted -p"
"Appinfo","C:\WINDOWS\system32\svchost.exe -k netsvcs -p"
"AppMgmt","C:\WINDOWS\system32\svchost.exe -k netsvcs -p"
"AppReadiness","C:\WINDOWS\System32\svchost.exe -k AppReadiness -p"
"AppVClient","C:\WINDOWS\system32\AppVClient.exe"
"AppXSvc","C:\WINDOWS\system32\svchost.exe -k wsappx -p"
"AssignedAccessManagerSvc","C:\WINDOWS\system32\svchost.exe -k AssignedAccessManagerSvc"
"AudioEndpointBuilder","C:\WINDOWS\System32\svchost.exe -k LocalSystemNetworkRestricted -p"
"Audiosrv","C:\WINDOWS\System32\svchost.exe -k LocalServiceNetworkRestricted -p"
"autotimesvc","C:\WINDOWS\system32\svchost.exe -k autoTimeSvc"
"AxInstSV","C:\WINDOWS\system32\svchost.exe -k AxInstSVGroup"
"BDESVC","C:\WINDOWS\System32\svchost.exe -k netsvcs -p"
"BFE","C:\WINDOWS\system32\svchost.exe -k LocalServiceNoNetworkFirewall -p"
"BITS","C:\WINDOWS\System32\svchost.exe -k netsvcs -p"
"BrokerInfrastructure","C:\WINDOWS\system32\svchost.exe -k DcomLaunch -p"
"BTAGService","C:\WINDOWS\system32\svchost.exe -k LocalServiceNetworkRestricted"
"BthAvctpSvc","C:\WINDOWS\system32\svchost.exe -k LocalService -p"
"bthserv","C:\WINDOWS\system32\svchost.exe -k LocalService -p"
"camsvc","C:\WINDOWS\system32\svchost.exe -k appmodel -p"
"CDPSvc","C:\WINDOWS\system32\svchost.exe -k LocalService -p"
"CertPropSvc","C:\WINDOWS\system32\svchost.exe -k netsvcs"
"ClipSVC","C:\WINDOWS\System32\svchost.exe -k wsappx -p"
"cloudidsvc","C:\WINDOWS\system32\svchost.exe -k CloudIdServiceGroup -p"
"COMSysApp","C:\WINDOWS\system32\dllhost.exe /Processid:{02D4B3F1-FD88-11D1-960D-00805FC79235}"
"CoreMessagingRegistrar","C:\WINDOWS\system32\svchost.exe -k LocalServiceNoNetwork -p"
"CryptSvc","C:\WINDOWS\system32\svchost.exe -k NetworkService -p"
"CscService","C:\WINDOWS\System32\svchost.exe -k LocalSystemNetworkRestricted -p"
"DcomLaunch","C:\WINDOWS\system32\svchost.exe -k DcomLaunch -p"
"dcsvc","C:\WINDOWS\system32\svchost.exe -k netsvcs -p"
"defragsvc","C:\WINDOWS\system32\svchost.exe -k defragsvc"
"DeviceAssociationService","C:\WINDOWS\system32\svchost.exe -k LocalSystemNetworkRestricted -p"
"DeviceInstall","C:\WINDOWS\system32\svchost.exe -k DcomLaunch -p"
"DevQueryBroker","C:\WINDOWS\system32\svchost.exe -k LocalSystemNetworkRestricted -p"
"Dhcp","C:\WINDOWS\system32\svchost.exe -k LocalServiceNetworkRestricted -p"
"diagnosticshub.standardcollector.service","C:\WINDOWS\system32\DiagSvcs\DiagnosticsHub.StandardCollector.Service.exe"
"diagsvc","C:\WINDOWS\System32\svchost.exe -k diagnostics"
"DiagTrack","C:\WINDOWS\System32\svchost.exe -k utcsvc -p"
"DialogBlockingService","C:\WINDOWS\system32\svchost.exe -k DialogBlockingService"
"DispBrokerDesktopSvc","C:\WINDOWS\system32\svchost.exe -k LocalService -p"
"DisplayEnhancementService","C:\WINDOWS\system32\svchost.exe -k LocalSystemNetworkRestricted -p"
"DmEnrollmentSvc","C:\WINDOWS\system32\svchost.exe -k netsvcs -p"
"dmwappushservice","C:\WINDOWS\system32\svchost.exe -k netsvcs -p"
"Dnscache","C:\WINDOWS\system32\svchost.exe -k NetworkService -p"
"DoSvc","C:\WINDOWS\System32\svchost.exe -k NetworkService -p"
"dot3svc","C:\WINDOWS\system32\svchost.exe -k LocalSystemNetworkRestricted -p"
"DPS","C:\WINDOWS\System32\svchost.exe -k LocalServiceNoNetwork -p"
"DsmSvc","C:\WINDOWS\system32\svchost.exe -k netsvcs -p"
"DsSvc","C:\WINDOWS\System32\svchost.exe -k LocalSystemNetworkRestricted -p"
"DusmSvc","C:\WINDOWS\System32\svchost.exe -k LocalServiceNetworkRestricted -p"
"Eaphost","C:\WINDOWS\System32\svchost.exe -k netsvcs -p"
"edgeupdate","""C:\Program Files (x86)\Microsoft\EdgeUpdate\MicrosoftEdgeUpdate.exe"" /svc"
"edgeupdatem","""C:\Program Files (x86)\Microsoft\EdgeUpdate\MicrosoftEdgeUpdate.exe"" /medsvc"
"EFS","C:\WINDOWS\System32\lsass.exe"
"embeddedmode","C:\WINDOWS\System32\svchost.exe -k LocalSystemNetworkRestricted -p"
"EntAppSvc","C:\WINDOWS\system32\svchost.exe -k appmodel -p"
"EventLog","C:\WINDOWS\System32\svchost.exe -k LocalServiceNetworkRestricted -p"
"EventSystem","C:\WINDOWS\system32\svchost.exe -k LocalService -p"
"Fax","C:\WINDOWS\system32\fxssvc.exe"
"fdPHost","C:\WINDOWS\system32\svchost.exe -k LocalService -p"
"FDResPub","C:\WINDOWS\system32\svchost.exe -k LocalServiceAndNoImpersonation -p"
"fhsvc","C:\WINDOWS\system32\svchost.exe -k LocalSystemNetworkRestricted -p"
"FontCache","C:\WINDOWS\system32\svchost.exe -k LocalService -p"
"FrameServer","C:\WINDOWS\System32\svchost.exe -k Camera"
"GoogleChromeElevationService","""C:\Program Files\Google\Chrome\Application\119.0.6045.124\elevation_service.exe"""
"gpsvc","C:\WINDOWS\system32\svchost.exe -k netsvcs -p"
"GraphicsPerfSvc","C:\WINDOWS\System32\svchost.exe -k GraphicsPerfSvcGroup"
"gupdate","""C:\Program Files (x86)\Google\Update\GoogleUpdate.exe"" /svc"
"gupdatem","""C:\Program Files (x86)\Google\Update\GoogleUpdate.exe"" /medsvc"
"hidserv","C:\WINDOWS\system32\svchost.exe -k LocalSystemNetworkRestricted -p"
"HvHost","C:\WINDOWS\system32\svchost.exe -k LocalSystemNetworkRestricted -p"
"icssvc","C:\WINDOWS\system32\svchost.exe -k LocalServiceNetworkRestricted -p"
"IKEEXT","C:\WINDOWS\system32\svchost.exe -k netsvcs -p"
"InstallService","C:\WINDOWS\System32\svchost.exe -k netsvcs -p"
"iphlpsvc","C:\WINDOWS\System32\svchost.exe -k NetSvcs -p"
"IpxlatCfgSvc","C:\WINDOWS\System32\svchost.exe -k LocalSystemNetworkRestricted -p"
"KeyIso","C:\WINDOWS\system32\lsass.exe"
"KtmRm","C:\WINDOWS\System32\svchost.exe -k NetworkServiceAndNoImpersonation -p"
"LanmanServer","C:\WINDOWS\system32\svchost.exe -k netsvcs -p"
"LanmanWorkstation","C:\WINDOWS\System32\svchost.exe -k NetworkService -p"
"lfsvc","C:\WINDOWS\system32\svchost.exe -k netsvcs -p"
"LicenseManager","C:\WINDOWS\System32\svchost.exe -k LocalService -p"
"lltdsvc","C:\WINDOWS\System32\svchost.exe -k LocalService -p"
"lmhosts","C:\WINDOWS\System32\svchost.exe -k LocalServiceNetworkRestricted -p"
"LSM","C:\WINDOWS\system32\svchost.exe -k DcomLaunch -p"
"LxpSvc","C:\WINDOWS\system32\svchost.exe -k netsvcs"
"MapsBroker","C:\WINDOWS\System32\svchost.exe -k NetworkService -p"
"McpManagementService","C:\WINDOWS\system32\svchost.exe -k McpManagementServiceGroup"
"MicrosoftEdgeElevationService","""C:\Program Files (x86)\Microsoft\Edge\Application\119.0.2151.58\elevation_service.exe"""
"MixedRealityOpenXRSvc","C:\WINDOWS\system32\svchost.exe -k LocalSystemNetworkRestricted -p"
"mpssvc","C:\WINDOWS\system32\svchost.exe -k LocalServiceNoNetworkFirewall -p"
"MSDTC","C:\WINDOWS\System32\msdtc.exe"
"MSiSCSI","C:\WINDOWS\system32\svchost.exe -k netsvcs -p"
"msiserver","C:\WINDOWS\system32\msiexec.exe /V"
"MsKeyboardFilter","C:\WINDOWS\system32\svchost.exe -k netsvcs -p"
"NaturalAuthentication","C:\WINDOWS\system32\svchost.exe -k netsvcs -p"
"NcaSvc","C:\WINDOWS\System32\svchost.exe -k NetSvcs -p"
"NcbService","C:\WINDOWS\System32\svchost.exe -k LocalSystemNetworkRestricted -p"
"NcdAutoSetup","C:\WINDOWS\System32\svchost.exe -k LocalServiceNoNetwork -p"
"Netlogon","C:\WINDOWS\system32\lsass.exe"
"Netman","C:\WINDOWS\System32\svchost.exe -k LocalSystemNetworkRestricted -p"
"netprofm","C:\WINDOWS\System32\svchost.exe -k LocalService -p"
"NetSetupSvc","C:\WINDOWS\System32\svchost.exe -k netsvcs -p"
"NetTcpPortSharing","C:\WINDOWS\Microsoft.NET\Framework64\v4.0.30319\SMSvcHost.exe"
"NgcCtnrSvc","C:\WINDOWS\system32\svchost.exe -k LocalServiceNetworkRestricted -p"
"NgcSvc","C:\WINDOWS\system32\svchost.exe -k LocalSystemNetworkRestricted -p"
"NlaSvc","C:\WINDOWS\System32\svchost.exe -k NetworkService -p"
"nsi","C:\WINDOWS\system32\svchost.exe -k LocalService -p"
"p2pimsvc","C:\WINDOWS\System32\svchost.exe -k LocalServicePeerNet"
"p2psvc","C:\WINDOWS\System32\svchost.exe -k LocalServicePeerNet"
"PcaSvc","C:\WINDOWS\system32\svchost.exe -k LocalSystemNetworkRestricted -p"
"PeerDistSvc","C:\WINDOWS\System32\svchost.exe -k PeerDist"
"perceptionsimulation","C:\WINDOWS\system32\PerceptionSimulation\PerceptionSimulationService.exe"
"PerfHost","C:\WINDOWS\SysWow64\perfhost.exe"
"PhoneSvc","C:\WINDOWS\system32\svchost.exe -k LocalService -p"
"pla","C:\WINDOWS\System32\svchost.exe -k LocalServiceNoNetwork -p"
"PlugPlay","C:\WINDOWS\system32\svchost.exe -k DcomLaunch -p"
"PNRPAutoReg","C:\WINDOWS\System32\svchost.exe -k LocalServicePeerNet"
"PNRPsvc","C:\WINDOWS\System32\svchost.exe -k LocalServicePeerNet"
"PolicyAgent","C:\WINDOWS\system32\svchost.exe -k NetworkServiceNetworkRestricted -p"
"Power","C:\WINDOWS\system32\svchost.exe -k DcomLaunch -p"
"PrintNotify","C:\WINDOWS\system32\svchost.exe -k print"
"ProfSvc","C:\WINDOWS\system32\svchost.exe -k netsvcs -p"
"PushToInstall","C:\WINDOWS\System32\svchost.exe -k netsvcs -p"
"QWAVE","C:\WINDOWS\system32\svchost.exe -k LocalServiceAndNoImpersonation -p"
"RasAuto","C:\WINDOWS\System32\svchost.exe -k netsvcs -p"
"RasMan","C:\WINDOWS\System32\svchost.exe -k netsvcs"
"RemoteAccess","C:\WINDOWS\System32\svchost.exe -k netsvcs"
"RemoteRegistry","C:\WINDOWS\system32\svchost.exe -k localService -p"
"RetailDemo","C:\WINDOWS\System32\svchost.exe -k rdxgroup"
"RmSvc","C:\WINDOWS\System32\svchost.exe -k LocalServiceNetworkRestricted"
"RpcEptMapper","C:\WINDOWS\system32\svchost.exe -k RPCSS -p"
"RpcLocator","C:\WINDOWS\system32\locator.exe"
"RpcSs","C:\WINDOWS\system32\svchost.exe -k rpcss -p"
"SamSs","C:\WINDOWS\system32\lsass.exe"
"SCardSvr","C:\WINDOWS\system32\svchost.exe -k LocalServiceAndNoImpersonation"
"ScDeviceEnum","C:\WINDOWS\system32\svchost.exe -k LocalSystemNetworkRestricted"
"Schedule","C:\WINDOWS\system32\svchost.exe -k netsvcs -p"
"SCPolicySvc","C:\WINDOWS\system32\svchost.exe -k netsvcs"
"SDRSVC","C:\WINDOWS\system32\svchost.exe -k SDRSVC"
"seclogon","C:\WINDOWS\system32\svchost.exe -k netsvcs -p"
"SecurityHealthService","C:\WINDOWS\system32\SecurityHealthService.exe"
"SEMgrSvc","C:\WINDOWS\system32\svchost.exe -k LocalService -p"
"SENS","C:\WINDOWS\system32\svchost.exe -k netsvcs -p"
"Sense","""C:\Program Files\Windows Defender Advanced Threat Protection\MsSense.exe"""
"SensorDataService","C:\WINDOWS\System32\SensorDataService.exe"
"SensorService","C:\WINDOWS\system32\svchost.exe -k LocalSystemNetworkRestricted -p"
"SensrSvc","C:\WINDOWS\system32\svchost.exe -k LocalServiceAndNoImpersonation -p"
"SessionEnv","C:\WINDOWS\System32\svchost.exe -k netsvcs -p"
"SgrmBroker","C:\WINDOWS\system32\SgrmBroker.exe"
"SharedAccess","C:\WINDOWS\System32\svchost.exe -k netsvcs -p"
"SharedRealitySvc","C:\WINDOWS\system32\svchost.exe -k LocalService -p"
"ShellHWDetection","C:\WINDOWS\System32\svchost.exe -k netsvcs -p"
"shpamsvc","C:\WINDOWS\System32\svchost.exe -k netsvcs -p"
"smphost","C:\WINDOWS\System32\svchost.exe -k smphost"
"SmsRouter","C:\WINDOWS\system32\svchost.exe -k LocalServiceNetworkRestricted -p"
"SNMPTRAP","C:\WINDOWS\System32\snmptrap.exe"
"spectrum","C:\WINDOWS\system32\spectrum.exe"
"Spooler","C:\WINDOWS\System32\spoolsv.exe"
"sppsvc","C:\WINDOWS\system32\sppsvc.exe"
"SSDPSRV","C:\WINDOWS\system32\svchost.exe -k LocalServiceAndNoImpersonation -p"
"ssh-agent","C:\WINDOWS\System32\OpenSSH\ssh-agent.exe"
"SstpSvc","C:\WINDOWS\system32\svchost.exe -k LocalService -p"
"StateRepository","C:\WINDOWS\system32\svchost.exe -k appmodel -p"
"stisvc","C:\WINDOWS\system32\svchost.exe -k imgsvc"
"StorSvc","C:\WINDOWS\System32\svchost.exe -k LocalSystemNetworkRestricted -p"
"svsvc","C:\WINDOWS\system32\svchost.exe -k LocalSystemNetworkRestricted -p"
"swprv","C:\WINDOWS\System32\svchost.exe -k swprv"
"SysMain","C:\WINDOWS\system32\svchost.exe -k LocalSystemNetworkRestricted -p"
"SystemEventsBroker","C:\WINDOWS\system32\svchost.exe -k DcomLaunch -p"
"TabletInputService","C:\WINDOWS\System32\svchost.exe -k LocalSystemNetworkRestricted -p"
"TapiSrv","C:\WINDOWS\System32\svchost.exe -k NetworkService -p"
"TermService","C:\WINDOWS\System32\svchost.exe -k NetworkService"
"Themes","C:\WINDOWS\System32\svchost.exe -k netsvcs -p"
"TieringEngineService","C:\WINDOWS\system32\TieringEngineService.exe"
"TimeBrokerSvc","C:\WINDOWS\system32\svchost.exe -k LocalServiceNetworkRestricted -p"
"TokenBroker","C:\WINDOWS\system32\svchost.exe -k netsvcs -p"
"TrkWks","C:\WINDOWS\System32\svchost.exe -k LocalSystemNetworkRestricted -p"
"TroubleshootingSvc","C:\WINDOWS\system32\svchost.exe -k netsvcs -p"
"TrustedInstaller","C:\WINDOWS\servicing\TrustedInstaller.exe"
"tzautoupdate","C:\WINDOWS\system32\svchost.exe -k LocalService -p"
"UevAgentService","C:\WINDOWS\system32\AgentService.exe"
"uhssvc","""C:\Program Files\Microsoft Update Health Tools\uhssvc.exe"""
"UmRdpService","C:\WINDOWS\System32\svchost.exe -k LocalSystemNetworkRestricted -p"
"upnphost","C:\WINDOWS\system32\svchost.exe -k LocalServiceAndNoImpersonation -p"
"UserManager","C:\WINDOWS\system32\svchost.exe -k netsvcs -p"
"UsoSvc","C:\WINDOWS\system32\svchost.exe -k netsvcs -p"
"VacSvc","C:\WINDOWS\System32\svchost.exe -k LocalServiceNetworkRestricted -p"
"VaultSvc","C:\WINDOWS\system32\lsass.exe"
"vds","C:\WINDOWS\System32\vds.exe"
"VGAuthService","""C:\Program Files\VMware\VMware Tools\VMware VGAuth\VGAuthService.exe"""
"vmicguestinterface","C:\WINDOWS\system32\svchost.exe -k LocalSystemNetworkRestricted -p"
"vmicheartbeat","C:\WINDOWS\system32\svchost.exe -k ICService -p"
"vmickvpexchange","C:\WINDOWS\system32\svchost.exe -k LocalSystemNetworkRestricted -p"
"vmicrdv","C:\WINDOWS\system32\svchost.exe -k ICService -p"
"vmicshutdown","C:\WINDOWS\system32\svchost.exe -k LocalSystemNetworkRestricted -p"
"vmictimesync","C:\WINDOWS\system32\svchost.exe -k LocalServiceNetworkRestricted -p"
"vmicvmsession","C:\WINDOWS\system32\svchost.exe -k LocalSystemNetworkRestricted -p"
"vmicvss","C:\WINDOWS\system32\svchost.exe -k LocalSystemNetworkRestricted -p"
"VMTools","""C:\Program Files\VMware\VMware Tools\vmtoolsd.exe"""
"vmvss","C:\Windows\system32\dllhost.exe /Processid:{36832604-435F-4265-8B6B-F45859980992}"
"VSS","C:\WINDOWS\system32\vssvc.exe"
"W32Time","C:\WINDOWS\system32\svchost.exe -k LocalService"
"WaaSMedicSvc","C:\WINDOWS\system32\svchost.exe -k wusvcs -p"
"WalletService","C:\WINDOWS\System32\svchost.exe -k appmodel -p"
"WarpJITSvc","C:\WINDOWS\System32\svchost.exe -k LocalServiceNetworkRestricted"
"wbengine","""C:\WINDOWS\system32\wbengine.exe"""
"WbioSrvc","C:\WINDOWS\system32\svchost.exe -k WbioSvcGroup"
"Wcmsvc","C:\WINDOWS\system32\svchost.exe -k LocalServiceNetworkRestricted -p"
"wcncsvc","C:\WINDOWS\System32\svchost.exe -k LocalServiceAndNoImpersonation -p"
"WdiServiceHost","C:\WINDOWS\System32\svchost.exe -k LocalService -p"
"WdiSystemHost","C:\WINDOWS\System32\svchost.exe -k LocalSystemNetworkRestricted -p"
"WdNisSvc","""C:\Program Files\Windows Defender\NisSrv.exe"""
"WebClient","C:\WINDOWS\system32\svchost.exe -k LocalService -p"
"Wecsvc","C:\WINDOWS\system32\svchost.exe -k NetworkService -p"
"WEPHOSTSVC","C:\WINDOWS\system32\svchost.exe -k WepHostSvcGroup"
"wercplsupport","C:\WINDOWS\System32\svchost.exe -k netsvcs -p"
"WerSvc","C:\WINDOWS\System32\svchost.exe -k WerSvcGroup"
"WFDSConMgrSvc","C:\WINDOWS\system32\svchost.exe -k LocalServiceNetworkRestricted -p"
"WiaRpc","C:\WINDOWS\system32\svchost.exe -k LocalSystemNetworkRestricted -p"
"WinDefend","""C:\Program Files\Windows Defender\MsMpEng.exe"""
"WinHttpAutoProxySvc","C:\WINDOWS\system32\svchost.exe -k LocalServiceNetworkRestricted -p"
"Winmgmt","C:\WINDOWS\system32\svchost.exe -k netsvcs -p"
"WinRM","C:\WINDOWS\System32\svchost.exe -k NetworkService -p"
"wisvc","C:\WINDOWS\system32\svchost.exe -k netsvcs -p"
"WlanSvc","C:\WINDOWS\system32\svchost.exe -k LocalSystemNetworkRestricted -p"
"wlidsvc","C:\WINDOWS\system32\svchost.exe -k netsvcs -p"
"wlpasvc","C:\WINDOWS\system32\svchost.exe -k LocalServiceNetworkRestricted -p"
"WManSvc","C:\WINDOWS\system32\svchost.exe -k netsvcs -p"
"wmiApSrv","C:\WINDOWS\system32\wbem\WmiApSrv.exe"
"WMPNetworkSvc","""C:\Program Files\Windows Media Player\wmpnetwk.exe"""
"workfolderssvc","C:\WINDOWS\System32\svchost.exe -k LocalService -p"
"WpcMonSvc","C:\WINDOWS\system32\svchost.exe -k LocalService"
"WPDBusEnum","C:\WINDOWS\system32\svchost.exe -k LocalSystemNetworkRestricted"
"WpnService","C:\WINDOWS\system32\svchost.exe -k netsvcs -p"
"wscsvc","C:\WINDOWS\System32\svchost.exe -k LocalServiceNetworkRestricted -p"
"WSearch","C:\WINDOWS\system32\SearchIndexer.exe /Embedding"
"wuauserv","C:\WINDOWS\system32\svchost.exe -k netsvcs -p"
"WwanSvc","C:\WINDOWS\system32\svchost.exe -k LocalSystemNetworkRestricted -p"
"XblAuthManager","C:\WINDOWS\system32\svchost.exe -k netsvcs -p"
"XblGameSave","C:\WINDOWS\system32\svchost.exe -k netsvcs -p"
"XboxGipSvc","C:\WINDOWS\system32\svchost.exe -k netsvcs -p"
"XboxNetApiSvc","C:\WINDOWS\system32\svchost.exe -k netsvcs -p"
"AarSvc_33f83","C:\WINDOWS\system32\svchost.exe -k AarSvcGroup -p"
"BcastDVRUserService_33f83","C:\WINDOWS\system32\svchost.exe -k BcastDVRUserService"
"BluetoothUserService_33f83","C:\WINDOWS\system32\svchost.exe -k BthAppGroup -p"
"CaptureService_33f83","C:\WINDOWS\system32\svchost.exe -k LocalService -p"
"cbdhsvc_33f83","C:\WINDOWS\system32\svchost.exe -k ClipboardSvcGroup -p"
"CDPUserSvc_33f83","C:\WINDOWS\system32\svchost.exe -k UnistackSvcGroup"
"ConsentUxUserSvc_33f83","C:\WINDOWS\system32\svchost.exe -k DevicesFlow"
"CredentialEnrollmentManagerUserSvc_33f83","C:\WINDOWS\system32\CredentialEnrollmentManager.exe"
"DeviceAssociationBrokerSvc_33f83","C:\WINDOWS\system32\svchost.exe -k DevicesFlow -p"
"DevicePickerUserSvc_33f83","C:\WINDOWS\system32\svchost.exe -k DevicesFlow"
"DevicesFlowUserSvc_33f83","C:\WINDOWS\system32\svchost.exe -k DevicesFlow"
"MessagingService_33f83","C:\WINDOWS\system32\svchost.exe -k UnistackSvcGroup"
"OneSyncSvc_33f83","C:\WINDOWS\system32\svchost.exe -k UnistackSvcGroup"
"PimIndexMaintenanceSvc_33f83","C:\WINDOWS\system32\svchost.exe -k UnistackSvcGroup"
"PrintWorkflowUserSvc_33f83","C:\WINDOWS\system32\svchost.exe -k PrintWorkflow"
"UdkUserSvc_33f83","C:\WINDOWS\system32\svchost.exe -k UdkSvcGroup"
"UnistoreSvc_33f83","C:\WINDOWS\System32\svchost.exe -k UnistackSvcGroup"
"UserDataSvc_33f83","C:\WINDOWS\system32\svchost.exe -k UnistackSvcGroup"
"WpnUserService_33f83","C:\WINDOWS\system32\svchost.exe -k UnistackSvcGroup"
