#TYPE System.Management.ManagementObject#root\cimv2\Win32_UserAccount
"PSComputerName","__GENUS","__CLASS","__SUPERCLASS","__DYNASTY","__RELPATH","__PROPERTY_COUNT","__DERIVATION","__SERVER","__NAMESPACE","__PATH","AccountType","Caption","Description","Disabled","Domain","FullName","InstallDate","LocalAccount","Lockout","Name","PasswordChangeable","PasswordExpires","PasswordRequired","SID","SIDType","Status"
"DESKTOP-001","2","Win32_UserAccount","Win32_Account","CIM_ManagedSystemElement","Win32_UserAccount.Domain=""DESKTOP-001"",Name=""Administrator""","16","System.String[]","DESKTOP-001","root\cimv2","\\DESKTOP-001\root\cimv2:Win32_UserAccount.Domain=""DESKTOP-001"",Name=""Administrator""","512","DESKTOP-001\Administrator","Built-in account for administering the computer/domain","True","DESKTOP-001","",,"True","False","Administrator","True","False","True","S-1-5-21-3848828212-2393059577-824552596-500","1","Degraded"
"DESKTOP-001","2","Win32_UserAccount","Win32_Account","CIM_ManagedSystemElement","Win32_UserAccount.Domain=""DESKTOP-001"",Name=""DefaultAccount""","16","System.String[]","DESKTOP-001","root\cimv2","\\DESKTOP-001\root\cimv2:Win32_UserAccount.Domain=""DESKTOP-001"",Name=""DefaultAccount""","512","DESKTOP-001\DefaultAccount","A user account managed by the system.","True","DESKTOP-001","",,"True","False","DefaultAccount","True","False","False","S-1-5-21-3848828212-2393059577-824552596-503","1","Degraded"
"DESKTOP-001","2","Win32_UserAccount","Win32_Account","CIM_ManagedSystemElement","Win32_UserAccount.Domain=""DESKTOP-001"",Name=""Guest""","16","System.String[]","DESKTOP-001","root\cimv2","\\DESKTOP-001\root\cimv2:Win32_UserAccount.Domain=""DESKTOP-001"",Name=""Guest""","512","DESKTOP-001\Guest","Built-in account for guest access to the computer/domain","True","DESKTOP-001","",,"True","False","Guest","False","False","False","S-1-5-21-3848828212-2393059577-824552596-501","1","Degraded"
"DESKTOP-001","2","Win32_UserAccount","Win32_Account","CIM_ManagedSystemElement","Win32_UserAccount.Domain=""DESKTOP-001"",Name=""user1""","16","System.String[]","DESKTOP-001","root\cimv2","\\DESKTOP-001\root\cimv2:Win32_UserAccount.Domain=""DESKTOP-001"",Name=""user1""","512","DESKTOP-001\user1","","False","DESKTOP-001","",,"True","False","user1","True","False","False","S-1-5-21-3848828212-2393059577-824552596-1001","1","OK"
"DESKTOP-001","2","Win32_UserAccount","Win32_Account","CIM_ManagedSystemElement","Win32_UserAccount.Domain=""DESKTOP-001"",Name=""user2""","16","System.String[]","DESKTOP-001","root\cimv2","\\DESKTOP-001\root\cimv2:Win32_UserAccount.Domain=""DESKTOP-001"",Name=""user2""","512","DESKTOP-001\user2","","False","DESKTOP-001","user2",,"True","False","user2","True","True","True","S-1-5-21-3848828212-2393059577-824552596-1004","1","OK"
"DESKTOP-001","2","Win32_UserAccount","Win32_Account","CIM_ManagedSystemElement","Win32_UserAccount.Domain=""DESKTOP-001"",Name=""WDAGUtilityAccount""","16","System.String[]","DESKTOP-001","root\cimv2","\\DESKTOP-001\root\cimv2:Win32_UserAccount.Domain=""DESKTOP-001"",Name=""WDAGUtilityAccount""","512","DESKTOP-001\WDAGUtilityAccount","A user account managed and used by the system for Windows Defender Application Guard scenarios.","True","DESKTOP-001","",,"True","False","WDAGUtilityAccount","True","True","True","S-1-5-21-3848828212-2393059577-824552596-504","1","Degraded"
