#TYPE System.Security.AccessControl.DirectorySecurity
"PSPath","PSParentPath","PSChildName","PSDrive","PSProvider","CentralAccessPolicyId","CentralAccessPolicyName","Path","Owner","Group","Access","Sddl","AccessToString","AuditToString","AccessRightType","AccessRuleType","AuditRuleType","AreAccessRulesProtected","AreAuditRulesProtected","AreAccessRulesCanonical","AreAuditRulesCanonical"
"Microsoft.PowerShell.Core\FileSystem::C:\Windows\System32","Microsoft.PowerShell.Core\FileSystem::C:\Windows","System32","C","Microsoft.PowerShell.Core\FileSystem",,,"Microsoft.PowerShell.Core\FileSystem::C:\Windows\System32","NT SERVICE\TrustedInstaller","NT SERVICE\TrustedInstaller","System.Security.AccessControl.AuthorizationRuleCollection","O:S-1-5-80-956008885-3418522649-1831038044-1853292631-2271478464G:S-1-5-80-956008885-3418522649-1831038044-1853292631-2271478464D:PAI(A;OICIIO;GA;;;CO)(A;OICIIO;GA;;;SY)(A;;0x1301bf;;;SY)(A;OICIIO;GA;;;BA)(A;;0x1301bf;;;BA)(A;OICIIO;GXGR;;;BU)(A;;0x1200a9;;;BU)(A;CIIO;GA;;;S-1-5-80-956008885-3418522649-1831038044-1853292631-2271478464)(A;;FA;;;S-1-5-80-956008885-3418522649-1831038044-1853292631-2271478464)(A;;0x1200a9;;;AC)(A;OICIIO;GXGR;;;AC)(A;;0x1200a9;;;S-1-15-2-2)(A;OICIIO;GXGR;;;S-1-15-2-2)","CREATOR OWNER Allow  268435456
NT AUTHORITY\SYSTEM Allow  268435456
NT AUTHORITY\SYSTEM Allow  Modify, Synchronize
BUILTIN\Administrators Allow  268435456
BUILTIN\Administrators Allow  Modify, Synchronize
BUILTIN\Users Allow  -1610612736
BUILTIN\Users Allow  ReadAndExecute, Synchronize
NT SERVICE\TrustedInstaller Allow  268435456
NT SERVICE\TrustedInstaller Allow  FullControl
APPLICATION PACKAGE AUTHORITY\ALL APPLICATION PACKAGES Allow  ReadAndExecute, Synchronize
APPLICATION PACKAGE AUTHORITY\ALL APPLICATION PACKAGES Allow  -1610612736
APPLICATION PACKAGE AUTHORITY\ALL RESTRICTED APPLICATION PACKAGES Allow  ReadAndExecute, Synchronize
APPLICATION PACKAGE AUTHORITY\ALL RESTRICTED APPLICATION PACKAGES Allow  -1610612736","","System.Security.AccessControl.FileSystemRights","System.Security.AccessControl.FileSystemAccessRule","System.Security.AccessControl.FileSystemAuditRule","True","False","True","True"
